{
  "rows": 24000,
  "numeric": {
    "limit_bal": {
      "edges": [
        10000.0,
        30000.0,
        50000.0,
        70000.0,
        100000.0,
        140000.0,
        180000.0,
        210000.0,
        270000.0,
        360000.0,
        1000000.0
      ],
      "proportions": [
        0.082875,
        0.060458333333333336,
        0.13933333333333334,
        0.09754166666666667,
        0.10354166666666667,
        0.10379166666666667,
        0.09225,
        0.11516666666666667,
        0.09458333333333334,
        0.11045833333333334
      ]
    },
    "age": {
      "edges": [
        21.0,
        25.0,
        27.0,
        29.0,
        31.0,
        34.0,
        36.0,
        40.0,
        43.0,
        49.0,
        75.0
      ],
      "proportions": [
        0.08933333333333333,
        0.081625,
        0.09679166666666666,
        0.10025,
        0.11954166666666667,
        0.07704166666666666,
        0.13316666666666666,
        0.08216666666666667,
        0.11583333333333333,
        0.10425
      ]
    },
    "pay_0": {
      "edges": [
        -2.0,
        -1.0,
        0.0,
        1.0,
        2.0,
        8.0
      ],
      "proportions": [
        0.09158333333333334,
        0.188625,
        0.490875,
        0.125,
        0.10391666666666667
      ]
    },
    "pay_2": {
      "edges": [
        -2.0,
        -1.0,
        0.0,
        2.0,
        8.0
      ],
      "proportions": [
        0.12625,
        0.201875,
        0.5249166666666667,
        0.14695833333333333
      ]
    },
    "pay_3": {
      "edges": [
        -2.0,
        -1.0,
        0.0,
        2.0,
        8.0
      ],
      "proportions": [
        0.13625,
        0.19720833333333335,
        0.526625,
        0.13991666666666666
      ]
    },
    "pay_4": {
      "edges": [
        -2.0,
        -1.0,
        0.0,
        2.0,
        8.0
      ],
      "proportions": [
        0.144875,
        0.18879166666666666,
        0.54925,
        0.11708333333333333
      ]
    },
    "pay_5": {
      "edges": [
        -2.0,
        -1.0,
        0.0,
        8.0
      ],
      "proportions": [
        0.15245833333333333,
        0.18404166666666666,
        0.6635
      ]
    },
    "pay_6": {
      "edges": [
        -2.0,
        -1.0,
        0.0,
        2.0,
        8.0
      ],
      "proportions": [
        0.16425,
        0.19066666666666668,
        0.542,
        0.10308333333333333
      ]
    },
    "bill_amt1": {
      "edges": [
        -165580.0,
        268.0,
        1875.8000000000002,
        6053.900000000005,
        13487.2,
        22330.0,
        36954.8,
        51984.10000000005,
        83722.6,
        141532.20000000004,
        964511.0
      ],
      "proportions": [
        0.09995833333333333,
        0.10004166666666667,
        0.1,
        0.1,
        0.1,
        0.1,
        0.1,
        0.1,
        0.1,
        0.1
      ]
    },
    "bill_amt2": {
      "edges": [
        -69777.0,
        0.0,
        1476.0,
        5527.500000000004,
        12810.6,
        21107.0,
        34675.200000000004,
        50586.600000000006,
        80324.6,
        136618.00000000012,
        983931.0
      ],
      "proportions": [
        0.02175,
        0.17816666666666667,
        0.10008333333333333,
        0.1,
        0.1,
        0.1,
        0.1,
        0.1,
        0.1,
        0.1
      ]
    },
    "bill_amt3": {
      "edges": [
        -61506.0,
        0.0,
        1187.8000000000002,
        5190.500000000004,
        12272.6,
        20031.0,
        31274.600000000006,
        49201.500000000015,
        76748.6,
        132135.90000000002,
        855086.0
      ],
      "proportions": [
        0.021458333333333333,
        0.17854166666666665,
        0.1,
        0.1,
        0.1,
        0.1,
        0.1,
        0.1,
        0.1,
        0.1
      ]
    },
    "bill_amt4": {
      "edges": [
        -81334.0,
        0.0,
        991.0,
        4651.4000000000015,
        11285.0,
        19004.5,
        28507.800000000003,
        45402.0,
        70448.20000000001,
        122821.10000000002,
        891586.0
      ],
      "proportions": [
        0.022083333333333333,
        0.17783333333333334,
        0.10008333333333333,
        0.09995833333333333,
        0.10004166666666667,
        0.1,
        0.09995833333333333,
        0.10004166666666667,
        0.1,
        0.1
      ]
    },
    "bill_amt5": {
      "edges": [
        -81334.0,
        0.0,
        750.0,
        3607.100000000002,
        9812.2,
        18102.5,
        26549.200000000004,
        40739.90000000004,
        65555.60000000002,
        115808.50000000001,
        927171.0
      ],
      "proportions": [
        0.021833333333333333,
        0.17795833333333333,
        0.10020833333333333,
        0.1,
        0.1,
        0.1,
        0.1,
        0.1,
        0.1,
        0.1
      ]
    },
    "bill_amt6": {
      "edges": [
        -339603.0,
        0.0,
        465.60000000000036,
        2660.4000000000015,
        8724.400000000001,
        16993.0,
        25351.200000000004,
        38931.3,
        62666.80000000003,
        111983.2000000001,
        961664.0
      ],
      "proportions": [
        0.023166666666666665,
        0.17683333333333334,
        0.1,
        0.1,
        0.1,
        0.1,
        0.1,
        0.1,
        0.1,
        0.1
      ]
    },
    "pay_amt1": {
      "edges": [
        0.0,
        326.0,
        1268.0,
        1724.0,
        2100.5,
        3000.0,
        4348.300000000003,
        6220.4000000000015,
        10222.600000000013,
        873552.0
      ],
      "proportions": [
        0.1995,
        0.10041666666666667,
        0.10004166666666667,
        0.10004166666666667,
        0.07266666666666667,
        0.12733333333333333,
        0.1,
        0.1,
        0.1
      ]
    },
    "pay_amt2": {
      "edges": [
        0.0,
        274.8000000000002,
        1169.0,
        1600.0,
        2014.0,
        3000.0,
        4100.0,
        6000.0,
        10411.300000000007,
        1215471.0
      ],
      "proportions": [
        0.2,
        0.09995833333333333,
        0.09633333333333334,
        0.10358333333333333,
        0.088125,
        0.111875,
        0.092,
        0.108125,
        0.1
      ]
    },
    "pay_amt3": {
      "edges": [
        0.0,
        2.0,
        780.0,
        1206.6000000000004,
        1805.5,
        2500.0,
        3600.0,
        5330.600000000002,
        10000.0,
        896040.0
      ],
      "proportions": [
        0.199625,
        0.09995833333333333,
        0.10041666666666667,
        0.1,
        0.09833333333333333,
        0.10133333333333333,
        0.10033333333333333,
        0.09279166666666666,
        0.10720833333333334
      ]
    },
    "pay_amt4": {
      "edges": [
        0.0,
        500.0,
        1000.0,
        1500.0,
        2127.0,
        3200.0,
        5000.0,
        9664.100000000002,
        621000.0
      ],
      "proportions": [
        0.2930833333333333,
        0.08695833333333333,
        0.1095,
        0.11041666666666666,
        0.09883333333333333,
        0.08020833333333334,
        0.121,
        0.1
      ]
    },
    "pay_amt5": {
      "edges": [
        0.0,
        500.0,
        1000.0,
        1500.0,
        2155.4000000000015,
        3202.300000000003,
        5000.0,
        9475.100000000002,
        426529.0
      ],
      "proportions": [
        0.29525,
        0.08279166666666667,
        0.10841666666666666,
        0.11354166666666667,
        0.1,
        0.078375,
        0.121625,
        0.1
      ]
    },
    "pay_amt6": {
      "edges": [
        0.0,
        416.7000000000007,
        1000.0,
        1500.0,
        2100.0,
        3172.700000000026,
        5000.0,
        9507.200000000004,
        528666.0
      ],